{
  "x": {
    "mu": [
      [
        1.1881047487258911,
        0.3344133496284485,
        10.406022071838379,
        0.36607635021209717,
        10.517850875854492,
        680.7115478515625
      ]
    ],
    "sigma": [
      [
        0.3845595121383667,
        0.07696846127510071,
        0.8040282726287842,
        0.013203911483287811,
        3.7029662132263184,
        93.37464141845703
      ]
    ]
  },
  "y": {
    "mu": [
      [
        193.66900634765625
      ]
    ],
    "sigma": [
      [
        102.6887435913086
      ]
    ]
  }
}