{
  "train": {
    "overall": {
      "MAE": 5.100006908661446,
      "RMSE": 8.35811325332784,
      "R2": 0.9636549789234559
    },
    "per_output": {
      "mean": {
        "MAE": 7.7421284495433795,
        "RMSE": 11.281826031142066,
        "R2": 0.9900093269919805
      },
      "std": {
        "MAE": 2.457885367779509,
        "RMSE": 3.5265444437798217,
        "R2": 0.937300630854931
      }
    }
  },
  "val": {
    "overall": {
      "MAE": 7.624194246416989,
      "RMSE": 12.872785740660829,
      "R2": 0.823641513276469
    },
    "per_output": {
      "mean": {
        "MAE": 10.768876255385385,
        "RMSE": 16.3949450630777,
        "R2": 0.9760425684659814
      },
      "std": {
        "MAE": 4.4795122374485965,
        "RMSE": 7.91346964539485,
        "R2": 0.6712404580869564
      }
    }
  },
  "test": {
    "overall": {
      "MAE": 6.384372172160374,
      "RMSE": 9.785068736327965,
      "R2": 0.967189146295488
    },
    "per_output": {
      "mean": {
        "MAE": 10.478007517074467,
        "RMSE": 13.516501470256719,
        "R2": 0.9851578597267351
      },
      "std": {
        "MAE": 2.2907368272462763,
        "RMSE": 2.966366186746655,
        "R2": 0.9492204328642408
      }
    }
  }
}