{"x": {"mu": [[9.775280898876405, 2000.0, 679.3157303370799, 4.0, 0.0008721910112359552]], "sigma": [[4.250585717132599, 1e-08, 64.33641812895314, 1e-08, 0.0003397702867175326]]}, "y": {"mu": [[176.53954123010797, 27.20068342565151]], "sigma": [[112.87091050944247, 14.08373288967951]]}}