{
  "train": {
    "MAE": 378.86970028419915,
    "RMSE": 1090.2518458481757,
    "R2": 0.35706115954699813
  },
  "val": {
    "MAE": 379.13897026808803,
    "RMSE": 1090.473731877206,
    "R2": 0.3617506437843913
  },
  "test": {
    "MAE": 379.14413197554677,
    "RMSE": 1090.5317795998837,
    "R2": 0.3609389325993024
  }
}