{"x": {"mu": [[24.831329345703125, 1859.6783447265625, 560.6905517578125, 1.6816179752349854]], "sigma": [[11.526836395263672, 367.67236328125, 190.10806274414062, 1.2584892511367798]]}, "y": {"mu": [[20.74065589904785, 206.99221801757812, 1233.1968994140625]], "sigma": [[10.757399559020996, 90.36820220947266, 2627.433349609375]]}}