{
  "checkpoint": "C:\\Users\\Jiang\\Documents\\Mie_Postprocessing_Py\\MLP\\runs_mlp\\gp_baseline_stage3_20260521_112229\\per_seed\\seed_42\\model.pt",
  "split": "clean",
  "lono_holdout": null,
  "eval_mode": {
    "fast": true,
    "save_points": false,
    "batch_points": 65536
  },
  "feature_columns": [
    "time_norm_0_5ms",
    "tilt_angle_radian_z",
    "plumes_z",
    "injection_duration_us_z",
    "control_backpressure_bar_z",
    "log_injection_pressure_bar_z",
    "log_chamber_pressure_bar_z"
  ],
  "overall": {
    "n_points": 9095,
    "rmse_mm": 5.526802062988281,
    "mae_mm": 4.284440040588379,
    "bias_mm": -1.8378863334655762,
    "median_abs_err_mm": 3.4014170169830322,
    "p90_abs_err_mm": 9.181599617004395,
    "p95_abs_err_mm": 11.166891098022461,
    "coverage_1sigma": 0.6824628916987355,
    "coverage_2sigma": 0.9330401319406267,
    "mean_pred_std_mm": 5.32943868637085,
    "n_trajectories": 512,
    "mean_rel_err": 0.19084223561565264,
    "median_rel_err": 0.09777237937315436,
    "truth_min_mm": 0.0,
    "truth_max_mm": 92.52147674560547,
    "truth_range_mm": 92.52147674560547,
    "nrmse_range": 0.05973534207830065
  }
}