{
  "times_ms": [
    0.5,
    1.0,
    1.5,
    2.0,
    2.5,
    3.0,
    3.5,
    4.0,
    4.5,
    5.0
  ],
  "median_post_0p5ms_collapse_ratio": 0.3776550981663831,
  "mean_sparse_r2_physical": 0.4163662010262506,
  "mean_sparse_r2_scaled": 0.05430667425712785,
  "sparse_r2_ratio_scaled_over_physical": 0.13043007363055384,
  "all_post_0p5ms_collapse_lt_one": true,
  "passed": true
}