{
  "eval_output_dir": "C:\\Users\\Jiang\\Documents\\Mie_Postprocessing_Py\\MLP\\eval\\rmse_eval_clean_20260519_163603_distill_cdf_onset_v2_ablate_anchor_off_20260519_163234",
  "metrics_summary": "C:\\Users\\Jiang\\Documents\\Mie_Postprocessing_Py\\MLP\\eval\\rmse_eval_clean_20260519_163603_distill_cdf_onset_v2_ablate_anchor_off_20260519_163234\\metrics_summary.json",
  "split": "clean",
  "overall": {
    "n_points": 692942,
    "rmse_mm": 4.76399040222168,
    "mae_mm": 3.245396137237549,
    "bias_mm": 0.7221652865409851,
    "median_abs_err_mm": 2.3327646255493164,
    "p90_abs_err_mm": 6.843348503112793,
    "p95_abs_err_mm": 9.238913536071777,
    "coverage_1sigma": 0.8673352170888762,
    "coverage_2sigma": 0.9841646198383126,
    "mean_pred_std_mm": 6.02314567565918,
    "n_trajectories": 24316,
    "mean_rel_err": 0.1348589201224335,
    "median_rel_err": 0.06252262194270977,
    "truth_min_mm": 0.0,
    "truth_max_mm": 95.8797378540039,
    "truth_range_mm": 95.8797378540039,
    "nrmse_range": 0.04968714463399773
  }
}