{
  "source_eval_dir": "MLP\\eval\\rmse_eval_clean_20260521_123603_distill_cdf_onset_v2_ablate_anchor_off_20260521_123126",
  "representative_seed": 42,
  "overall": {
    "n_points": 692942,
    "rmse_mm": 4.689184188842773,
    "mae_mm": 3.2514305114746094,
    "bias_mm": 0.48607337474823,
    "median_abs_err_mm": 2.384359359741211,
    "p90_abs_err_mm": 6.828363418579102,
    "p95_abs_err_mm": 9.091787338256836,
    "coverage_1sigma": 0.8701031255141123,
    "coverage_2sigma": 0.985721748717786,
    "mean_pred_std_mm": 6.0316033363342285,
    "n_trajectories": 24316,
    "mean_rel_err": 0.13954966845480524,
    "median_rel_err": 0.06326248895962613,
    "truth_min_mm": 0.0,
    "truth_max_mm": 95.8797378540039,
    "truth_range_mm": 95.8797378540039,
    "nrmse_range": 0.048906935853151735
  },
  "best_trajectory": {
    "traj_key": "Nozzle0|T4|28.csv|plume=0",
    "folder": "Nozzle0",
    "dataset_key": "ds300",
    "test_name": "T4",
    "row_idx": 7834,
    "plume_idx": 0,
    "injection_duration_us": 440.0,
    "n_points": 21,
    "rmse_mm": 0.3816754843847151,
    "mae_mm": 0.248712108248756,
    "mean_pen_mm": 21.9182243347168,
    "max_pen_mm": 34.404972076416016,
    "coverage_1sigma": 1.0,
    "coverage_2sigma": 1.0,
    "is_censored": true
  },
  "worst_trajectory": {
    "traj_key": "Nozzle3|T6|T6(1).csv|plume=4",
    "folder": "Nozzle3",
    "dataset_key": "nozzle3",
    "test_name": "T6",
    "row_idx": 19736,
    "plume_idx": 4,
    "injection_duration_us": 709.0,
    "n_points": 39,
    "rmse_mm": 42.76328918443109,
    "mae_mm": 38.24189737515572,
    "mean_pen_mm": 35.25401306152344,
    "max_pen_mm": 56.39859771728516,
    "coverage_1sigma": 0.2051282051282051,
    "coverage_2sigma": 0.282051282051282,
    "is_censored": true
  },
  "image_dir": "Thesis\\images\\neural_network_fit_results_20260521"
}