{
  "times_ms": [
    0.5,
    1.0,
    1.5,
    2.0,
    2.5,
    3.0,
    3.5,
    4.0,
    4.5,
    5.0
  ],
  "median_post_0p5ms_collapse_ratio": 0.056940422393832985,
  "mean_sparse_r2_physical": 0.4163662010262506,
  "mean_sparse_r2_scaled": 0.022870888535992107,
  "sparse_r2_ratio_scaled_over_physical": 0.05492974328756855,
  "all_post_0p5ms_collapse_lt_one": true,
  "passed": true
}