{
  "eval_output_dir": "C:\\Users\\Jiang\\Documents\\Mie_Postprocessing_Py\\MLP\\eval\\rmse_eval_clean_20260519_163825_distill_cdf_onset_v2_ablate_anchor_off_20260519_163624",
  "metrics_summary": "C:\\Users\\Jiang\\Documents\\Mie_Postprocessing_Py\\MLP\\eval\\rmse_eval_clean_20260519_163825_distill_cdf_onset_v2_ablate_anchor_off_20260519_163624\\metrics_summary.json",
  "split": "clean",
  "overall": {
    "n_points": 692942,
    "rmse_mm": 4.794187545776367,
    "mae_mm": 3.271820306777954,
    "bias_mm": 0.7469403147697449,
    "median_abs_err_mm": 2.373136520385742,
    "p90_abs_err_mm": 6.835396766662598,
    "p95_abs_err_mm": 9.237764358520508,
    "coverage_1sigma": 0.8627749508616883,
    "coverage_2sigma": 0.9835152148376055,
    "mean_pred_std_mm": 5.8967671394348145,
    "n_trajectories": 24316,
    "mean_rel_err": 0.1423944517717484,
    "median_rel_err": 0.06232732410613183,
    "truth_min_mm": 0.0,
    "truth_max_mm": 95.8797378540039,
    "truth_range_mm": 95.8797378540039,
    "nrmse_range": 0.05000209275787213
  }
}