{
  "train": {
    "overall": {
      "MAE": 6.250202671650122,
      "RMSE": 9.687833860062874,
      "R2": 0.8581301745032572
    },
    "per_output": {
      "mean": {
        "MAE": 10.105605114826652,
        "RMSE": 13.267450289529638,
        "R2": 0.9848378457737234
      },
      "std": {
        "MAE": 2.3948002284736387,
        "RMSE": 3.4180422196369045,
        "R2": 0.7314225032327917
      }
    }
  },
  "val": {
    "overall": {
      "MAE": 6.242863621980073,
      "RMSE": 9.660098942028997,
      "R2": 0.6967177397201505
    },
    "per_output": {
      "mean": {
        "MAE": 9.717040822330407,
        "RMSE": 12.684047480738814,
        "R2": 0.9850090284522708
      },
      "std": {
        "MAE": 2.7686864216297464,
        "RMSE": 5.074442101940166,
        "R2": 0.40842645098803176
      }
    }
  },
  "test": {
    "overall": {
      "MAE": 6.774858941650976,
      "RMSE": 10.282035999122899,
      "R2": 0.8141355771504571
    },
    "per_output": {
      "mean": {
        "MAE": 10.782085414008936,
        "RMSE": 13.906348032719443,
        "R2": 0.9837046223990874
      },
      "std": {
        "MAE": 2.7676324692930288,
        "RMSE": 4.249001408260399,
        "R2": 0.6445665319018263
      }
    }
  }
}