{"x": {"mu": [[20.21276595744681, 1888.6524822695035, 663.0291871249318, 1.7524549918166938, 0.0009583935047013746]], "sigma": [[12.1533666827388, 365.21856458183237, 252.59364416257299, 1.3004524161802964, 0.00026928152397902836]]}, "y": {"mu": [[164.75040172905526, 11.954822917535466]], "sigma": [[107.74745309803386, 6.595422381526598]]}}