{
  "time": {
    "type": "fixed_minmax",
    "min_ms": 0.0,
    "max_ms": 5.0
  },
  "zscore": {
    "tilt_angle_radian_z": {
      "mean": 0.3435497480715752,
      "std": 0.04902553830708565
    },
    "plumes_z": {
      "mean": 10.2,
      "std": 0.5682983045575299
    },
    "diameter_mm_z": {
      "mean": 0.37546172839506176,
      "std": 0.013249240070462511
    },
    "injection_duration_us_z": {
      "mean": 693.8804938271604,
      "std": 196.02295705754284
    },
    "log_injection_pressure_bar_z": {
      "mean": 7.5787260546839175,
      "std": 0.09180152152776157
    },
    "log_chamber_pressure_bar_z": {
      "mean": 2.433818813685131,
      "std": 0.7121514423011905
    },
    "log_delta_pressure_bar_z": {
      "mean": 7.571091195397956,
      "std": 0.09320853902745874
    },
    "control_backpressure_bar_z": {
      "mean": 4.0,
      "std": 1.0
    }
  },
  "fill_defaults": {
    "injection_pressure_bar": 2000.0,
    "control_backpressure_bar": 4.0
  }
}