{
  "seed": 42,
  "stage1_run": "C:\\Users\\Jiang\\Documents\\Mie_Postprocessing_Py\\MLP\\runs_mlp\\stage1_engineered_mse_a_plus_pressures_20260519_161130",
  "checkpoint": "C:\\Users\\Jiang\\Documents\\Mie_Postprocessing_Py\\MLP\\runs_mlp\\residual_multitask_svgp_prod_existing_full_svgp_l2_1em04_20260531_180104\\per_seed\\seed_42\\model.pt",
  "test_metrics": {
    "n_points": 138240,
    "rmse_mm": 3.16829252243042,
    "mae_mm": 2.2391982078552246,
    "bias_mm": -0.4777374267578125,
    "median_abs_err_mm": 1.5459938049316406,
    "p90_abs_err_mm": 5.1641106605529785,
    "p95_abs_err_mm": 7.095115661621094,
    "coverage_1sigma": 0.7103226273148148,
    "coverage_2sigma": 0.9467447916666667,
    "mean_pred_std_mm": 2.9888014793395996,
    "nll_scaled": -1.180708646774292
  },
  "val_metrics": {
    "n_points": 240789,
    "rmse_mm": 3.518249750137329,
    "mae_mm": 2.515648365020752,
    "bias_mm": -0.11665374040603638,
    "median_abs_err_mm": 1.7804794311523438,
    "p90_abs_err_mm": 5.71708345413208,
    "p95_abs_err_mm": 7.3531036376953125,
    "coverage_1sigma": 0.7208801066493902,
    "coverage_2sigma": 0.9466877639759291,
    "mean_pred_std_mm": 3.4294660091400146,
    "nll_scaled": -1.024618148803711
  },
  "best_epochs": {
    "shared": null,
    "delta_0": 22,
    "delta_1": 49,
    "logvar": 18
  },
  "best_val_losses": {
    "shared": null,
    "delta_0": -0.15846180882861616,
    "delta_1": 0.15460935388099128,
    "logvar": 2.2167791108013852
  },
  "trained_family_ids": [
    0,
    1
  ]
}