{
  "train": {
    "overall": {
      "MAE": 5.051335646524507,
      "RMSE": 7.823235237124961,
      "R2": 0.968626237685873
    },
    "per_output": {
      "mean": {
        "MAE": 8.617761811857378,
        "RMSE": 10.89049187877662,
        "R2": 0.9911405347780184
      },
      "std": {
        "MAE": 1.484909481191633,
        "RMSE": 1.950180963164122,
        "R2": 0.9461119405937275
      }
    }
  },
  "val": {
    "overall": {
      "MAE": 5.40891988346367,
      "RMSE": 7.823109981516159,
      "R2": 0.9208683898881149
    },
    "per_output": {
      "mean": {
        "MAE": 8.574137293949336,
        "RMSE": 10.703330680103871,
        "R2": 0.9907800222835002
      },
      "std": {
        "MAE": 2.243702472978003,
        "RMSE": 2.800144981629122,
        "R2": 0.8509567574927295
      }
    }
  },
  "test": {
    "overall": {
      "MAE": 4.687650064518718,
      "RMSE": 6.355282672163169,
      "R2": 0.9332263266564954
    },
    "per_output": {
      "mean": {
        "MAE": 7.100465101275659,
        "RMSE": 8.578466320243303,
        "R2": 0.9945376609123101
      },
      "std": {
        "MAE": 2.2748350277617737,
        "RMSE": 2.6812592710601897,
        "R2": 0.8719149924006806
      }
    }
  }
}