{"x": {"mu": [[9.74302496328928, 2000.0, 659.0227606461086, 4.0, 0.0008994558175693185]], "sigma": [[4.2377974473237785, 1e-08, 66.09736619621611, 1e-08, 0.0003212120359098243]]}, "y": {"mu": [[208.6423002955579, 16.826961349580895]], "sigma": [[115.70276573114087, 8.400954656899366]]}}