{
  "times_ms": [
    0.5,
    1.0,
    1.5,
    2.0,
    2.5,
    3.0,
    3.5,
    4.0,
    4.5,
    5.0
  ],
  "median_post_0p5ms_collapse_ratio": 0.06215559053278369,
  "mean_sparse_r2_physical": 0.3238627231796276,
  "mean_sparse_r2_scaled": 0.01583176386492744,
  "sparse_r2_ratio_scaled_over_physical": 0.04888418064757176,
  "all_post_0p5ms_collapse_lt_one": true,
  "passed": true
}