{
  "train": {
    "overall": {
      "MAE": 5.735529126760721,
      "RMSE": 10.046826494872617,
      "R2": 0.7699634330856806
    },
    "per_output": {
      "mean": {
        "MAE": 9.44943320542306,
        "RMSE": 13.660522129329866,
        "R2": 0.9851940016597223
      },
      "std": {
        "MAE": 2.0216250480983904,
        "RMSE": 3.9073751279135633,
        "R2": 0.5547328645116407
      }
    }
  },
  "val": {
    "overall": {
      "MAE": 5.62840370509257,
      "RMSE": 8.271388001451943,
      "R2": 0.8920008372581186
    },
    "per_output": {
      "mean": {
        "MAE": 9.546741110134368,
        "RMSE": 11.47833611872281,
        "R2": 0.9899429449774397
      },
      "std": {
        "MAE": 1.710066300050775,
        "RMSE": 2.2537788016461966,
        "R2": 0.7940587295387976
      }
    }
  },
  "test": {
    "overall": {
      "MAE": 6.377979711944063,
      "RMSE": 10.466529909265432,
      "R2": 0.8192966326064273
    },
    "per_output": {
      "mean": {
        "MAE": 10.46087930195548,
        "RMSE": 14.486049833559663,
        "R2": 0.9845498227244617
      },
      "std": {
        "MAE": 2.295080121932644,
        "RMSE": 3.041522135826378,
        "R2": 0.6540434424883924
      }
    }
  }
}