{
  "train": {
    "overall": {
      "MAE": 6.541776373340066,
      "RMSE": 9.720721020723671,
      "R2": 0.9271304299975034
    },
    "per_output": {
      "mean": {
        "MAE": 10.66244433196338,
        "RMSE": 13.350709323238975,
        "R2": 0.9892067514848564
      },
      "std": {
        "MAE": 2.4211084147167545,
        "RMSE": 3.277711837831112,
        "R2": 0.8650541085101505
      }
    }
  },
  "val": {
    "overall": {
      "MAE": 7.95420734697356,
      "RMSE": 12.128973536706269,
      "R2": 0.8749921870806194
    },
    "per_output": {
      "mean": {
        "MAE": 12.618416803115716,
        "RMSE": 16.218778929480987,
        "R2": 0.9814242124106888
      },
      "std": {
        "MAE": 3.289997890831403,
        "RMSE": 5.583476349449827,
        "R2": 0.7685601617505499
      }
    }
  },
  "test": {
    "overall": {
      "MAE": 6.448418242246888,
      "RMSE": 9.508496415368592,
      "R2": 0.9264878261705713
    },
    "per_output": {
      "mean": {
        "MAE": 10.473439883285032,
        "RMSE": 12.859044500704377,
        "R2": 0.989721758548225
      },
      "std": {
        "MAE": 2.423396601208753,
        "RMSE": 3.932935632712451,
        "R2": 0.8632538937929176
      }
    }
  }
}