{"x": {"mu": [[9.804913294797688, 2000.0, 679.2485549132948, 4.0, 0.0008853706222373342]], "sigma": [[4.23286470067842, 1e-08, 77.38968234193437, 1e-08, 0.0003273264711891803]]}, "y": {"mu": [[238.44012677349198, 19.32355611695899]], "sigma": [[128.5074344784816, 8.922589926862958]]}}