{
  "n_points": 10000,
  "repeats": 5,
  "median_total_ms": 5.336200003512204,
  "median_ms_per_point": 0.0005336200003512204
}