{
  "train": {
    "overall": {
      "MAE": 5.7089677744004925,
      "RMSE": 10.059033870049774,
      "R2": 0.7703673178274986
    },
    "per_output": {
      "mean": {
        "MAE": 9.360709914859608,
        "RMSE": 13.679541524858138,
        "R2": 0.9851527444997031
      },
      "std": {
        "MAE": 2.0572256339413877,
        "RMSE": 3.903648097267342,
        "R2": 0.5555818911552938
      }
    }
  },
  "val": {
    "overall": {
      "MAE": 5.519020701068066,
      "RMSE": 8.462760400250412,
      "R2": 0.8885419321289748
    },
    "per_output": {
      "mean": {
        "MAE": 9.301659805947818,
        "RMSE": 11.747265255556865,
        "R2": 0.9894661652555025
      },
      "std": {
        "MAE": 1.736381596188312,
        "RMSE": 2.288752105335914,
        "R2": 0.7876176990024474
      }
    }
  },
  "test": {
    "overall": {
      "MAE": 6.67874774059032,
      "RMSE": 10.825520025849196,
      "R2": 0.8120050407664374
    },
    "per_output": {
      "mean": {
        "MAE": 11.020192836672106,
        "RMSE": 14.992409563037526,
        "R2": 0.9834508233152305
      },
      "std": {
        "MAE": 2.3373026445085223,
        "RMSE": 3.100229532512824,
        "R2": 0.6405592582176445
      }
    }
  }
}