{"x": {"mu": [[10.401812688821753, 1819.939577039275, 682.3604229607245, 4.0, 0.0008657366269770742]], "sigma": [[3.4200223206578575, 258.0217489676597, 133.74908397265094, 1e-08, 0.0003242315703496279]]}, "y": {"mu": [[186.40681818914558, 13.211226694803583]], "sigma": [[112.26605287144022, 5.855645732076017]]}}