{
  "method": "svgp_heteroscedastic_two_stage",
  "seeds": [
    42
  ],
  "per_seed": [
    {
      "seed": 42,
      "stage1_run": "C:\\Users\\Jiang\\Documents\\Mie_Postprocessing_Py\\MLP\\runs_mlp\\stage1_engineered_mse_a_plus_pressures_20260519_161130",
      "checkpoint": "C:\\Users\\Jiang\\Documents\\Mie_Postprocessing_Py\\MLP\\runs_mlp\\gp_baseline_stage3_20260521_112229\\per_seed\\seed_42\\model.pt",
      "test_metrics": {
        "n_points": 138240,
        "rmse_mm": 4.4815473556518555,
        "mae_mm": 3.2202320098876953,
        "bias_mm": -0.5303847789764404,
        "median_abs_err_mm": 2.240570068359375,
        "p90_abs_err_mm": 7.196566581726074,
        "p95_abs_err_mm": 9.735040664672852,
        "coverage_1sigma": 0.7324797453703704,
        "coverage_2sigma": 0.9767722800925925,
        "mean_pred_std_mm": 4.391729354858398,
        "nll_scaled": -0.9126164317131042
      },
      "val_metrics": {
        "n_points": 241441,
        "rmse_mm": 4.452718734741211,
        "mae_mm": 3.1424481868743896,
        "bias_mm": -0.30630481243133545,
        "median_abs_err_mm": 2.173229217529297,
        "p90_abs_err_mm": 7.0470733642578125,
        "p95_abs_err_mm": 9.316238403320312,
        "coverage_1sigma": 0.7249307284181229,
        "coverage_2sigma": 0.9553472691050816,
        "mean_pred_std_mm": 4.171108722686768,
        "nll_scaled": -0.8465478420257568
      },
      "latency": {
        "n_points": 10000,
        "repeats": 5,
        "median_total_ms": 5.336200003512204,
        "median_ms_per_point": 0.0005336200003512204
      },
      "best_epochs": {
        "mean": 50,
        "logvar": 6
      },
      "best_val_losses": {
        "mean": 0.22922503932486024,
        "logvar": 2.1724394260361954
      }
    }
  ],
  "bootstrap": {
    "metrics": {
      "rmse_mm": {
        "mean": 4.4815473556518555,
        "std": 0.0,
        "ci_lo": 4.4815473556518555,
        "ci_hi": 4.4815473556518555,
        "n": 1
      },
      "mae_mm": {
        "mean": 3.2202320098876953,
        "std": 0.0,
        "ci_lo": 3.2202320098876953,
        "ci_hi": 3.2202320098876953,
        "n": 1
      },
      "bias_mm": {
        "mean": -0.5303847789764404,
        "std": 0.0,
        "ci_lo": -0.5303847789764404,
        "ci_hi": -0.5303847789764404,
        "n": 1
      },
      "p95_abs_err_mm": {
        "mean": 9.735040664672852,
        "std": 0.0,
        "ci_lo": 9.735040664672852,
        "ci_hi": 9.735040664672852,
        "n": 1
      },
      "coverage_1sigma": {
        "mean": 0.7324797453703704,
        "std": 0.0,
        "ci_lo": 0.7324797453703704,
        "ci_hi": 0.7324797453703704,
        "n": 1
      },
      "coverage_2sigma": {
        "mean": 0.9767722800925925,
        "std": 0.0,
        "ci_lo": 0.9767722800925925,
        "ci_hi": 0.9767722800925925,
        "n": 1
      }
    },
    "latency_ms_per_point": {
      "mean": 0.0005336200003512204,
      "std": 0.0,
      "ci_lo": 0.0005336200003512204,
      "ci_hi": 0.0005336200003512204,
      "n": 1
    }
  },
  "config": {
    "method": "svgp_heteroscedastic_two_stage",
    "mode": "stage3",
    "lono_holdout": null,
    "val_ratio": 0.15,
    "mlp_bootstrap": "C:\\Users\\Jiang\\Documents\\Mie_Postprocessing_Py\\MLP\\runs_mlp\\full_pipeline_A_20260519_161129\\bootstrap_summary.json",
    "requested_variant": null,
    "feature_source": "stage1_train_config",
    "variant": "a_plus_pressures",
    "feature_columns": [
      "time_norm_0_5ms",
      "tilt_angle_radian_z",
      "plumes_z",
      "injection_duration_us_z",
      "control_backpressure_bar_z",
      "log_injection_pressure_bar_z",
      "log_chamber_pressure_bar_z"
    ],
    "feature_spec_by_seed": [
      {
        "seed": 42,
        "stage1_run": "C:\\Users\\Jiang\\Documents\\Mie_Postprocessing_Py\\MLP\\runs_mlp\\stage1_engineered_mse_a_plus_pressures_20260519_161130",
        "variant": "a_plus_pressures",
        "stage1_variant": "a_plus_pressures",
        "feature_columns": [
          "time_norm_0_5ms",
          "tilt_angle_radian_z",
          "plumes_z",
          "injection_duration_us_z",
          "control_backpressure_bar_z",
          "log_injection_pressure_bar_z",
          "log_chamber_pressure_bar_z"
        ],
        "feature_source": "stage1_train_config"
      }
    ],
    "time_feature": "time_norm_0_5ms",
    "n_points": 512,
    "batch_points": 1024,
    "eval_batch_points": 65536,
    "num_inducing": 256,
    "kmeans_samples": 50000,
    "epochs": 80,
    "var_epochs": 80,
    "learning_rate": 0.01,
    "var_learning_rate": 0.01,
    "early_stopping_patience": 12,
    "early_stopping_min_delta": 0.0001,
    "log_interval": 5,
    "num_workers": 0,
    "time_min_ms": 0.0,
    "time_max_ms": 5.0,
    "residual_eps": 1e-06,
    "std_floor_scaled": 1e-06,
    "logvar_clamp_min": -20.0,
    "logvar_clamp_max": 10.0,
    "mean_only": false,
    "include_mean_posterior_var": false,
    "calibrate_logvar_bias": true,
    "max_curves_per_split": null,
    "allow_a_scale_mismatch": false,
    "latency_points": 10000,
    "latency_repeats": 5,
    "device": "cuda"
  }
}